{
"name": "parcels_tiles",
"description": "parcels_tiles",
"version": "2",
"minzoom": "5",
"maxzoom": "16",
"center": "-72.721252,43.419014,16",
"bounds": "-72.791724,43.222607,-72.395410,43.591447",
"antimeridian_adjusted_bounds": "-72.791724,43.222607,-72.395410,43.591447",
"type": "overlay",
"strategies": "[{},{},{},{},{},{\"tiny_polygons\":11092},{\"dropped_as_needed\":1345,\"tiny_polygons\":9085,\"tile_size_desired\":592542},{\"dropped_as_needed\":7090,\"tiny_polygons\":2651,\"tile_size_desired\":931423},{\"dropped_as_needed\":8654,\"tiny_polygons\":583,\"tile_size_desired\":1338927},{\"dropped_as_needed\":9064,\"tiny_polygons\":69,\"tile_size_desired\":1591403},{\"dropped_as_needed\":7671,\"tiny_polygons\":26,\"tile_size_desired\":1049058},{\"dropped_as_needed\":3694,\"tiny_polygons\":18,\"tile_size_desired\":671617},{\"tiny_polygons\":22},{\"tiny_polygons\":55},{\"tiny_polygons\":20},{\"tiny_polygons\":17},{\"tiny_polygons\":19}]",
"format": "pbf",
"generator": "tippecanoe v2.49.0",
"generator_options": "tippecanoe -e parcels_tiles '--layer=parcels' '--minimum-zoom=5' '--maximum-zoom=16' --drop-densest-as-needed --extend-zooms-if-still-dropping Parcels.geojson",
"json": "{\"vector_layers\":[{\"id\":\"parcels\",\"description\":\"\",\"minzoom\":5,\"maxzoom\":16,\"fields\":{\"ACRESGL\":\"Number\",\"ADDRGL1\":\"String\",\"ADDRGL2\":\"String\",\"AOEGL_HS\":\"Number\",\"AOEGL_NR\":\"Number\",\"CAT\":\"String\",\"CITYGL\":\"String\",\"CRHOUSPCT\":\"Number\",\"DESCPROP\":\"String\",\"E911ADDR\":\"String\",\"EDITDATE\":\"String\",\"EDITMETHOD\":\"String\",\"EDITNOTE\":\"String\",\"EDITOR\":\"String\",\"ENDDATE\":\"String\",\"EQUIPCODE\":\"String\",\"EQUIPVAL\":\"Number\",\"EXAMT_HS\":\"Number\",\"EXAMT_NR\":\"Number\",\"EXPDESC\":\"String\",\"GLIST_SPAN\":\"String\",\"GLVAL_HS\":\"Number\",\"GLVAL_NR\":\"Number\",\"GLYEAR\":\"Number\",\"HSDECL\":\"String\",\"HSITEVAL\":\"Number\",\"HSTED_FLV\":\"Number\",\"IMPRV_LV\":\"Number\",\"INVENVAL\":\"Number\",\"LAND_LV\":\"Number\",\"LOCAPROP\":\"String\",\"MAPID\":\"String\",\"MATCHSTAT\":\"String\",\"MUNGL1PCT\":\"Number\",\"NRES_FLV\":\"Number\",\"OBJECTID\":\"Number\",\"OWNER1\":\"String\",\"OWNER2\":\"String\",\"PARCID\":\"String\",\"PROPTYPE\":\"String\",\"REAL_FLV\":\"Number\",\"RESCODE\":\"String\",\"SOURCEDATE\":\"String\",\"SOURCENAME\":\"String\",\"SOURCETYPE\":\"String\",\"SPAN\":\"String\",\"STATUTE\":\"String\",\"STGL\":\"String\",\"Shape_Area\":\"Number\",\"Shape_Length\":\"Number\",\"TNAME\":\"String\",\"TOWN\":\"String\",\"UVREDUC_HS\":\"Number\",\"UVREDUC_NR\":\"Number\",\"VETEXAMT\":\"Number\",\"YEAR\":\"Number\",\"ZIPGL\":\"String\"}}],\"tilestats\":{\"layerCount\":1,\"layers\":[{\"layer\":\"parcels\",\"count\":11942,\"geometry\":\"Polygon\",\"attributeCount\":57,\"attributes\":[{\"attribute\":\"ACRESGL\",\"count\":1000,\"type\":\"number\",\"values\":[0,0.01,0.02,0.03,0.04,0.05,0.06,0.07,0.08,0.09,0.1,0.11,0.12,0.13,0.14,0.15,0.16,0.17,0.18,0.19,0.2,0.21,0.22,0.23,0.24,0.25,0.26,0.27,0.28,0.29,0.3,0.31,0.32,0.33,0.34,0.35,0.36,0.37,0.38,0.39,0.4,0.41,0.42,0.43,0.44,0.45,0.46,0.47,0.48,0.49,0.5,0.51,0.52,0.53,0.54,0.55,0.56,0.57,0.58,0.59,0.6,0.61,0.62,0.63,0.64,0.65,0.66,0.67,0.68,0.69,0.7,0.71,0.72,0.73,0.74,0.75,0.76,0.77,0.78,0.79,0.8,0.81,0.82,0.83,0.84,0.85,0.86,0.87,0.88,0.89,0.9,0.91,0.92,0.93,0.94,0.95,0.96,0.97,0.98,0.99],\"min\":0,\"max\":2824.21},{\"attribute\":\"ADDRGL1\",\"count\":1000,\"type\":\"string\",\"values\":[\" \",\"#5 ROUTE 106\",\"1 1/2 THOMPSON AVENUE\",\"1 A GOODYEAR AVE\",\"1 ASHTON ROAD\",\"1 AUTUMN STREET\",\"1 BARRETT STREET\",\"1 BEECHWOOD  LN\",\"1 BERMUDA ROAD\",\"1 BILLINGS ROAD\",\"1 BLUE HERON ROAD\",\"1 CANARY COURT\",\"1 CARTER LANE\",\"1 CATAMOUNT ROAD\",\"1 CIRCLE DRIVE\",\"1 CLEMENT ROAD\",\"1 COOKE RD\",\"1 COTTAGE AVENUE\",\"1 CREEK RIDGE ROAD\",\"1 DALTON ST UNIT 5402\",\"1 DARROWS RIDGE RD\",\"1 DEAN STREET\",\"1 DEVONSHIRE ROAD\",\"1 EARLE STREET\",\"1 EATON AVENUE\",\"1 EVERGREEN WAY\",\"1 FLAGLER DRIVE\",\"1 FLETCHER PLACE PO BOX 267\",\"1 FRANKLIN STREET  #4801\",\"1 FRANKLIN STREET UNIT 5506\",\"1 GLENDINNING PLACE\",\"1 GOODYEAR AVE\",\"1 GRACIE LANE\",\"1 GREEN ACRES DRIVE\",\"1 HAMILTON DRIVE\",\"1 HARDY ROAD #116\",\"1 HARMONY DRIVE\",\"1 HENRY STREET\",\"1 HILLTOP DRIVE\",\"1 HOMEWOOD AVENUE\",\"1 HOOVER STREET\",\"1 HURRICANE HEIGHTS\",\"1 ISAAC SPRAGUE DRIVE\",\"1 JUNIPER HILL ROAD\",\"1 KNAPP ROAD\",\"1 KREN DRIVE\",\"1 LARK LANE\",\"1 LELAND AVE\",\"1 LINCOLN STREET\",\"1 LONG WALL ROAD\",\"1 LONGFELLOW PLACE APT 3408\",\"1 LOWENSTEIN DRIVE\",\"1 MAPLE LN\",\"1 MAPLE ST\",\"1 MEADOW DR\",\"1 MERCANTILE STREET SUITE 510\",\"1 MINERAL ST BOX 611\",\"1 MOCCASIN HILL ROAD\",\"1 MORNING STAR DRIVE\",\"1 NATIONAL DR DAVIS 2\",\"1 NATIONAL LIFE DR\",\"1 NATIONAL LIFE DR DAVIS 2\",\"1 NATIONAL LIFE DRIVE\",\"1 NATIONAL LIFE DRIVE DAVIS 2\",\"1 NORTH BREAKERS ROW\",\"1 OKEMO HEIGHTS\",\"1 OLNEY RD\",\"1 ORION AVENUE\",\"1 OVERLOOK DRIVE\",\"1 PARC LAKE COURT\",\"1 PINEWOOD AVENUE\",\"1 PLEASANT STREET\",\"1 PROSPECT STREET\",\"1 RAILWAY LANE\",\"1 RANDALL STREET\",\"1 RICHDALE AVE\",\"1 RIVER PARKWAY\",\"1 ROBERT CRISFIELD PL\",\"1 ROCK DRIVE\",\"1 RYE RD\",\"1 SALT MEADOW LANE\",\"1 SCHOOL ST\",\"1 SEASIDE PLACE\",\"1 SHERWOOD DRIVE\",\"1 SHORT STREET\",\"1 SLACK AVENUE\",\"1 SQUIRREL HILL ROAD\",\"1 STRYHAS TRAILER COURT\",\"1 SUNRISE CIRCLE\",\"1 SUNSET TERRACE\",\"1 SYLVAN DRIVE\",\"1 UNION ST\",\"1 VARNEY STREET\",\"1 VERONICA COURT\",\"1 WALNUT HILL COURT\",\"1 WASHBURN LANE\",\"1 WHITE BIRCH DRIVE\",\"1 WINDMILL HILL RD\",\"1 WINDY CREST LANE\",\"1 WOODLAND DRIVE\"]},{\"attribute\":\"ADDRGL2\",\"count\":138,\"type\":\"string\",\"values\":[\" \",\"10 CITY POINT 44G\",\"10 PLEASANT STREET\",\"1007 CAVENDISH ROAD\",\"1074 MILL CREEK ROAD\",\"11 RIVER ST STE 300\",\"12185 HILLTOP FARMS DRIVE\",\"125 E JEFFERSON ST\",\"126D EDGEWATER PARK\",\"130 UNION ST\",\"1311 SPELLMAN DR\",\"133 STATE STREET\",\"135 JOHNSON RD\",\"13918 E MISSISSIPPI AVE BOX 60227\",\"1459 SOUTH HILL ROAD\",\"15 RAILROAD ROW\",\"15 WHITMANVILLE RD\",\"1546 LYNDS HILL RD\",\"1654 TARBELL HILL RD\",\"1760 BROCKWAY MILLS RD\",\"18 NORTH RD\",\"181 SOUTH STREET\",\"1847 TREBO ROAD\",\"185 ASYLUM ST\",\"2 NIKKIS WAY\",\"2041 MATTSON ROAD\",\"21 HEMINGWAY DR\",\"21 LOWELL AVE\",\"21 WOOLSON AVE\",\"210 MEADOWLARK POINT\",\"2148 GREEN MOUNTAIN TURNPIKE\",\"227 MECHANIC STREET\",\"23 ALICE PECK DAY DRIVE UNIT 120\",\"239 GLENVILLE ROAD\",\"2425 E CAMELBACK RD STE 800\",\"280 COURT STREET APT. 2\",\"29 GRIMES ROAD\",\"29 SPRUCE DRIVE\",\"29 WALNUT RIDGE\",\"3 ROCKINGHAM HILL RD\",\"30 DOWNING ST\",\"300 SOUTH OCEAN BLVD\",\"32 FAIRGROUND HEIGHTS\",\"349 NORTH STREET\",\"35 COUNTRYSIDE RD\",\"3A BROWNS RIVER ROAD\",\"4050 CAMP BRYN AFON\",\"41 MEDITATION LN\",\"41 SMOKERISE ROAD\",\"425 S FINANCIAL P STE 2000\",\"435 SOUTH ST\",\"46 RELIHAN ROAD\",\"47 KOMULA DRIVE\",\"48 BLACK RIVER CMNS\",\"48 CROWN POINT ROAD\",\"5 CHRISTOPHER ROAD\",\"5 MARTIN COURT\",\"502 HARRIS RD\",\"523 DODGE RD\",\"525 JUNCTION RD\",\"53 LAKE RD\",\"5489 POST ROAD\",\"550 AQUA COURT\",\"554 CHURCH STREET\",\"5600 GRANITE PKWY\",\"570 BROADWAY  APT 35B\",\"58 ELM STREET\",\"59 HIGHLAND CIRCLE\",\"625 WOODBURY ROAD\",\"63 LIMERICK RD\",\"66 HILLCREST TERRACE\",\"68 S MAIN ST\",\"7 FLETCHER ST\",\"7 TOZER ROAD\",\"7180 BUCKNELL DRIVE\",\"73 RUSS STREET\",\"747 OLD STAMFORD ROAD\",\"80 MAIN STREET\",\"800 SOUTH STREET SUITE 500\",\"839 SNELL ROAD\",\"847 ARNOLD AVE\",\"85 FRENCH ST\",\"87 CANAAN ROAD UNIT 44\",\"9 BAKER HEIGHTS\",\"9 LOVERS LANE\",\"91 CURTIS AVE\",\"9235 BRENO DR\",\"943 GIDDINGS ST\",\"9855 WEST 78TH ST SUITE 100\",\"99 LAKE PAULINE ROAD\",\"APT #2\",\"APT #5\",\"APT 11-B\",\"APT 2\",\"APT 218\",\"APT 47\",\"APT A\",\"ATTN: KATHY HOGAN\",\"BARROW ISLAND\",\"BERNHARD-MAY-STR. 48\"]},{\"attribute\":\"AOEGL_HS\",\"count\":1000,\"type\":\"number\",\"values\":[0,1000,1001.02,1002,1005,1006,1007,1009,1010.5,1011,1012,1014,1015,1016,1017,1018,1019,10216,1023.7,1024,1025,1025.5,1026,1027,1028,1029,1029.5,1030,1031,1033,1034,1035,1037,1038,1039,1039.04,1039.89,1040,1041,1042,1043,1044,1044.9,1045,1046,1047,1048,1049,1050,1051,1051.5,1052,1054,1054.26,1055,1056,1057,1059,1060,1061,1062,1063,1064,1065,1067,1068,1069,1070,1070.6,1072,1073,1074,1076,1077,1078.4,1079,1080,1081,1082,1083,1084,1085,1086,1087,1088,1088.1,1089,1090,1091,1092,1094,1095,1097,1100,1101,1102,1103,1104,1104.39,1105],\"min\":0,\"max\":21137},{\"attribute\":\"AOEGL_NR\",\"count\":1000,\"type\":\"number\",\"values\":[0,1.08,10,10.1,10.7,100,10004,1001,1002,10024,1003,1004,1005,10056,10058,1006,1007,101,1010,10112,1012,1012.1,1013,1014,1016,1016.4,1018,10180,1019,10198,102,102.96,1020,1022,1023,1024,1024.9,1025,1026,10271.3,10278.8,1028,102898,1029,103,1030,1031,10319,1032,10333,1034,1035,1036,10363,1037,1038,1039,10392,10399,104,104.5,1040,1041,10418,1042,1043,1044,1045,1046,10463,1047,1048,1049.7,10490,105,1050,1051,10518.3,1052,1053,1054,1055,10555,1056,1057,1058,1059,1060,1061,1062,1063.5,1065,10650,1066,10678,1068,1069,10690,1070,1072],\"min\":0,\"max\":253338},{\"attribute\":\"CAT\",\"count\":15,\"type\":\"string\",\"values\":[\" \",\"C\",\"CA\",\"F\",\"I\",\"M\",\"MHL\",\"MHU\",\"O\",\"R1\",\"R2\",\"S1\",\"S2\",\"UE\",\"W\"]},{\"attribute\":\"CITYGL\",\"count\":1000,\"type\":\"string\",\"values\":[\" \",\"65203 WIESBADEN\",\"7282 NEW ZEALAND\",\"ABINGTON\",\"ACTON\",\"ACUSHNET\",\"ADVANCE\",\"AGAWAM\",\"ALAMO\",\"ALANTA\",\"ALBANY\",\"ALBUQUERQUE\",\"ALBURGH\",\"ALLENDALE\",\"ALLENSTOWN\",\"ALLSTON\",\"ALSTEAD\",\"ALTON BAY\",\"AMAWALK\",\"AMBLER\",\"AMDOVER\",\"AMELIA ISLAND\",\"AMESBURY\",\"AMHERST\",\"AMITYVILLE\",\"ANCHORAGE\",\"ANDOVER\",\"ANHERST\",\"ANN ARBOR\",\"APEX\",\"ARDSLEY\",\"ARLINGTON\",\"ARMONK\",\"ARVADA\",\"ARVERNE\",\"ASBURY PARK\",\"ASCUTNEY\",\"ASHBY\",\"ASHEVILLE\",\"ASHFORD\",\"ASHLAND\",\"ASTORIA\",\"ATHERTON\",\"ATKINSON\",\"ATLANTA\",\"ATLANTIC HIGHLANDS\",\"ATLANTIS\",\"ATTLEBORO\",\"AUBURN\",\"AUBURNDALE\",\"AURORA\",\"AUSTIN\",\"AVALON\",\"AVON\",\"AVON BY THE SEA\",\"BABYLON\",\"BACO RATON\",\"BAITING HOLLOW\",\"BALA CYNWYD\",\"BALDWINSVILLE\",\"BALDWINVILLE\",\"BALLSTON\",\"BALTIMORE\",\"BANTAM\",\"BARNEGAT\",\"BARNEGAT LIGHT\",\"BARNSTABLE\",\"BARRE\",\"BARRINGTON\",\"BASKING RIDGE\",\"BATH\",\"BAY SHORE\",\"BAYPORT\",\"BAYSHORE\",\"BAYVILLE\",\"BEACHWOOD\",\"BEACON FALLS\",\"BEAVERTON\",\"BEDFORD\",\"BEDFORD CORNERS\",\"BELCHERTOWN\",\"BELLAIRE\",\"BELLEVUE\",\"BELLMORE\",\"BELLOWS FALLS\",\"BELLPORT\",\"BELMONT\",\"BENICIA\",\"BENNINGTON\",\"BENSON\",\"BERKELEY HEIGHTS\",\"BERLIN\",\"BERNARDSVILLE\",\"BERWYN\",\"BETHANY\",\"BETHEL\",\"BETHESDA\",\"BETHLEHEM\",\"BETHPAGE\",\"BEVERLY\"]},{\"attribute\":\"CRHOUSPCT\",\"count\":3,\"type\":\"number\",\"values\":[0,35,40],\"min\":0,\"max\":40},{\"attribute\":\"DESCPROP\",\"count\":1000,\"type\":\"string\",\"values\":[\" \",\"(2) 1 FAMILY CAMPS ON CHURCH LEASE LAND\",\"(2) 1 FAMILY HOUSE BARN (RENTAL)\",\"(2) 1 FAMILY HOUSES\",\"(2) 1 FAMILY HOUSES  (RENTAL)\",\"(2) 1 FAMILY HOUSES BARNS\",\"(2) 1 FAMILY HOUSES GARAGES\",\"(2) 1 FAMILY HOUSES OUTBUILDINGS\",\"(2) 1 FAMILY HOUSES SHEDS\",\"(2) 1 FAMILY HOUSES SHEDS (RENTAL)\",\"(3)1 FAMILY HOUSES SHED (RENTAL)\",\".75AC\",\"03 & 04 LAND AND DWELLING\",\"1  FAM-.11 AC + .42\",\"1  FAMILY HOUSE\",\"1  FAMILY HOUSE BARN\",\"1  FAMILY HOUSE SHED BARNS\",\"1  FAMILY HOUSE SHEDS\",\"1 FAM  1.20 AC & VL-1.73 AC\",\"1 FAM & .55 AC\",\"1 FAM & ACC APT- 2.16 AC\",\"1 FAM & ACC APT-2.80 AC\",\"1 FAM - .30 AC\",\"1 FAM - .73 ACRES\",\"1 FAM - 25.81 AC\",\"1 FAM -.36 AC\",\"1 FAM -.47AC\",\"1 FAM -.51AC\",\"1 FAM -1.00 AC\",\"1 FAM -1.09 AC\",\"1 FAM -1.15 AC\",\"1 FAM -10 AC\",\"1 FAM -10.58AC\",\"1 FAM -10.85 AC\",\"1 FAM -13.14 AC\",\"1 FAM -3.30 AC\",\"1 FAM -5 AC\",\"1 FAM -86.44 AC\",\"1 FAM .49 AC\",\"1 FAM 1.07 AC\",\"1 FAM 1.16 AC\",\"1 FAM 1.32 AC\",\"1 FAM 104.1 AC\",\"1 FAM 11.35 AC\",\"1 FAM 14.77 AC\",\"1 FAM 17.38\",\"1 FAM 2.10 AC\",\"1 FAM 25.31 AC\",\"1 FAM 3.03 AC\",\"1 FAM 3.1AC LOT #1\",\"1 FAM 30.20 AC\",\"1 FAM 30.50 AC\",\"1 FAM 4.2  AC\",\"1 FAM 447.06\",\"1 FAM 50.0 AC\",\"1 FAM 6.76 AC\",\"1 FAM HOUSE  TRAILER PARK\",\"1 FAM HOUSE & SAWMILL SHEDS\",\"1 FAM HOUSE ATT BLDGS\",\"1 FAM HOUSE BARNS\",\"1 FAM HOUSE COMM BLDG\",\"1 FAM HOUSE GUESTHOUSE\",\"1 FAM HOUSE GUESTHOUSE BARNS\",\"1 FAM HOUSE POND\",\"1 FAM HOUSE SHEDS\",\"1 FAM HOUSE SHEDS BARN\",\"1 FAM HOUSE SHEDS PONDS BARN\",\"1 FAM+CAMP-.62 ACREAGE\",\"1 FAM- .2 AC\",\"1 FAM- .21AC\",\"1 FAM- .23 AC\",\"1 FAM- .33 AC\",\"1 FAM- .40 AC\",\"1 FAM- .61 AC\",\"1 FAM- .82 AC\",\"1 FAM- 1.00 AC\",\"1 FAM- 1.07 AC\",\"1 FAM- 1.18 AC\",\"1 FAM- 1.40 AC\",\"1 FAM- 1.42 VL 1.02\",\"1 FAM- 1.43 AC\",\"1 FAM- 1.50 AC\",\"1 FAM- 1.51 AC\",\"1 FAM- 1.52\",\"1 FAM- 1.66 AC\",\"1 FAM- 1.69 A\",\"1 FAM- 1.70 AC & VL-11.67AC\",\"1 FAM- 1.70AC + VL-1.47 AC\",\"1 FAM- 1.72 AC\",\"1 FAM- 1.98 AC\",\"1 FAM- 10.93 AC\",\"1 FAM- 11.61 AC\",\"1 FAM- 11.70 AC\",\"1 FAM- 2.01\",\"1 FAM- 2.01 AC\",\"1 FAM- 2.23 AC\",\"1 FAM- 2.57 AC\",\"1 FAM- 24 AC\",\"1 FAM- 240.5 AC\",\"1 FAM- 3.95 AC\"]},{\"attribute\":\"E911ADDR\",\"count\":1000,\"type\":\"string\",\"values\":[\" \",\"1 AUTUMN ST\",\"1 BACON ST\",\"1 BARRETT ST\",\"1 BEECHWOOD LN\",\"1 BLACK RIVER MOBILE COURT\",\"1 CANARY CT\",\"1 CARDINAL DR\",\"1 CENTRAL ST\",\"1 CHESTER RD\",\"1 CHURCH ST\",\"1 CIRCLE DRIVE\",\"1 CLEMENT RD\",\"1 COTTAGE AV\",\"1 CURTIS ST\",\"1 DEAN ST\",\"1 EARLE ST\",\"1 EATON AV\",\"1 ELLIS ST\",\"1 ELM STREET\",\"1 GOODYEAR AV\",\"1 HARTNESS AV\",\"1 HILLTOP DR\",\"1 HOOVER ST\",\"1 HURRICANE HEIGHTS\",\"1 JUNIPER HILL RD\",\"1 LAMERE SQUARE\",\"1 LARK LN\",\"1 LELAND AV\",\"1 LINCOLN ST\",\"1 MAIN ST\",\"1 MAPLE ST\",\"1 MARY ST\",\"1 MEADOW DR\",\"1 MINERAL ST\",\"1 OKEMO HEIGHTS\",\"1 OLNEY RD\",\"1 ORCHARD STREET\",\"1 ORION AVENUE\",\"1 OVERLOOK DR\",\"1 PARKER AVENUE\",\"1 PINEWOOD AV\",\"1 PLAIN HILL RD\",\"1 PLEASANT STREET\",\"1 POND STREET\",\"1 PROSPECT ST\",\"1 RANDALL ST\",\"1 RAYMOND RD\",\"1 ROCK DR\",\"1 ROUTE 106\",\"1 SCHOOL STREET NO SPRINGFI\",\"1 SLACK AV\",\"1 STRYHAS TRAILER CT\",\"1 SUNSET TR\",\"1 TUCKERVILLE PKWY\",\"1 TWINE HILL RD\",\"1 UNION ST\",\"1 WALL ST\",\"1 WALNUT HILL CT\",\"1 WASHBURN LN\",\"1 WHISPERING PINES\",\"1 WHITE BIRCH DR\",\"1 WHITE ST\",\"1 WILBART AV\",\"1 WOODLAND DR\",\"1-7 MAIN ST\",\"10 AIRPORT RD\",\"10 BACON ST\",\"10 BEECHWOOD LN\",\"10 BLACK RIVER MOBILE COURT\",\"10 BLUE RIDGE\",\"10 BOYNTON DR\",\"10 BRIDGE ST\",\"10 BRIERBROOK LN\",\"10 BUENA VISTA\",\"10 CARDINAL DR\",\"10 CEMETERY RD\",\"10 CLARK ST\",\"10 CLINTON ST\",\"10 CLOVER RD\",\"10 CURTIS ST\",\"10 DAVIDSON HILL ROAD\",\"10 DEAN ST\",\"10 DEEPLAWN COURT\",\"10 DEER PATH LANE 3\",\"10 DEPOT STREET\",\"10 DERBY CT\",\"10 EAST HILL ROAD\",\"10 ELM TR\",\"10 FAIRBANKS RD\",\"10 FISHING ACCESS ROAD\",\"10 FLATOW ROAD\",\"10 FOSTER AV\",\"10 HARLOW RD\",\"10 HIGH STREET\",\"10 HIGHLAND COURT\",\"10 HILLSIDE RD\",\"10 HOOVER ST\",\"10 HUNTER ST\",\"10 JORDAN RD\"]},{\"attribute\":\"EDITDATE\",\"count\":16,\"type\":\"string\",\"values\":[\"2019\",\"20190214\",\"20220524\",\"20240730\",\"20240822\",\"20240829\",\"20240903\",\"20240904\",\"20240912\",\"20250519\",\"20250520\",\"20250521\",\"20250603\",\"20250610\",\"20250617\",\"UNKNOWN\"]},{\"attribute\":\"EDITMETHOD\",\"count\":3,\"type\":\"string\",\"values\":[\"COORDINATED COGO\",\"OTHER\",\"UNKNOWN\"]},{\"attribute\":\"EDITNOTE\",\"count\":59,\"type\":\"string\",\"values\":[\" \",\"ASSOC. LANDS MATCHED WITH 15-54.001\",\"CONDO LOT - SPL*\",\"IN CONTENTION\",\"KINGDOM CEMETERY\",\"Matched with 4-17.001\",\"Merged abutting parcels and updated SPAN based on AxisGIS app for town\",\"Merged abutting parcels based on AxisGIS app for town\",\"Merged adjacent parcels based on 2023 Grand LIst\",\"Merged adjacent parcels based on 2023 Grand List\",\"Merged adjacent parcels based on 2024 Grand List\",\"Merged multi-SPAN parcel with abutting parcel assigned 363-127-13527 based on AxisGIS app for town (included SPAN in Intersection Table).\",\"Merged with 363-112-10012 based on AxisGIS app for town\",\"Merged with 363-112-10473 based on AxisGIS app for town\",\"Merged with 363-112-10878 based on AxisGIS app for town\",\"Merged with 363-112-10888 and 363-112-10561 based on AxisGIS app for town\",\"Merged with 363-112-11176 based on AxisGIS app for town\",\"Merged with 363-112-11349 based on AxisGIS app for town\",\"Merged with 363-112-11967 based on AxisGIS app for town\",\"Merged with 363-112-12914 based on AxisGIS app for town\",\"Merged with 363-112-13174 based on AxisGIS app for town\",\"Merged with 363-112-13341 based on AxisGIS app for town\",\"Merged with 363-112-13393 based on AxisGIS app for town\",\"Merged with 363-112-13482 based on AxisGIS app for town\",\"Merged with 363-112-13526 based on AxisGIS app for town\",\"Merged with 363-112-13765 based on AxisGIS app for town\",\"OWNER UNKNOWN\",\"OWNER UNKOWN\",\"OWNERS LOTS 1-5 - ASSIGNED LOT 1 SPAN\",\"ROAD\",\"Removed duplicate SPAN 027-008-10055. Merged with adjacent parcel based on E911 and 2021 Grand List acreage.\",\"SPAN not found in 2024 Grand List\",\"SPAN not found in 2024 Grand List; updated MATCHSTAT\",\"SPAN not in 2024 Grand List\",\"STATE OF VERMONT\",\"SUB\",\"Separated from non-adjacent multipolygons 363-112-12646\",\"Separated from non-adjacent parcel based on E911 and 2021 Grand List.\",\"Separated from non-adjacent parcel based on E911 and 2021 Grand List. Updated SPAN.\",\"Split multipart parcel\",\"Subdivided based on Ortho\",\"UNKNOWN\",\"UNKOWN OWNER\",\"Updated MATCHSTAT based on 2024 Grand List\",\"Updated MATCHSTAT based on PROPTYPE\",\"Updated PROPTYPE\",\"Updated PROPTYPE and MATCHSTAT\",\"Updated PROPTYPE and MATCHSTAT based on 2023 Grand List\",\"Updated PROPTYPE based on MATCHSTAT\",\"Updated SPAN and MATCHSTAT based on 2023 Grand List\",\"Updated SPAN and MATCHSTAT based on 2024 Grand List\",\"Updated SPAN based on 2023 Grand List\",\"Updated SPAN based on 2024 Grand List\",\"Updated SPAN based on AxisGIS app for town\",\"Updated SPAN from 363-112-11717 based on AxisGIS app for town\",\"Updated SPAN from 363-112-12591 based on AxisGIS app for town\",\"Updated SPAN to remove duplicate based on AxisGIS app for town\",\"Updated property type based on imagery\",\"WATER\"]},{\"attribute\":\"EDITOR\",\"count\":4,\"type\":\"string\",\"values\":[\"ATLAS\",\"UNKNOWN\",\"VCGI\",\"VHB\"]},{\"attribute\":\"ENDDATE\",\"count\":10,\"type\":\"string\",\"values\":[\" \",\"3/1/2026\",\"3/1/2028\",\"3/1/2029\",\"3/31/2029\",\"4/1/2024\",\"4/1/2026\",\"6/30/2023\",\"6/30/2024\",\"6/30/2026\"]},{\"attribute\":\"EQUIPCODE\",\"count\":2,\"type\":\"string\",\"values\":[\" \",\"E\"]},{\"attribute\":\"EQUIPVAL\",\"count\":2,\"type\":\"number\",\"values\":[0,14000],\"min\":0,\"max\":14000},{\"attribute\":\"EXAMT_HS\",\"count\":3,\"type\":\"number\",\"values\":[0,150500,36400],\"min\":0,\"max\":150500},{\"attribute\":\"EXAMT_NR\",\"count\":43,\"type\":\"number\",\"values\":[0,108200,1086560,11400,116870,124400,124810,12692,150400,1541500,155400,16140,1634000,173200,183300,183900,18979900,192719,201110,204200,208900,210985,2217100,223230,223500,2457000,253000,26200,265090,270219,33300,3402000,350800,36700,371000,500000,576300,646096,729100,73803,743500,77800,78850],\"min\":0,\"max\":18979900},{\"attribute\":\"EXPDESC\",\"count\":8,\"type\":\"string\",\"values\":[\" \",\"Court Ordered\",\"Non-Approved (Voted)\",\"Partial-Statutory\",\"Qualified Housing Units\",\"Ski Lifts / Snow Making Equip\",\"Solar Plant\",\"Statutory\"]},{\"attribute\":\"GLIST_SPAN\",\"count\":1000,\"type\":\"string\",\"values\":[\" \",\"027-008-10002\",\"027-008-10003\",\"027-008-10004\",\"027-008-10005\",\"027-008-10006\",\"027-008-10007\",\"027-008-10008\",\"027-008-10009\",\"027-008-10010\",\"027-008-10011\",\"027-008-10012\",\"027-008-10013\",\"027-008-10014\",\"027-008-10015\",\"027-008-10016\",\"027-008-10017\",\"027-008-10018\",\"027-008-10019\",\"027-008-10021\",\"027-008-10022\",\"027-008-10023\",\"027-008-10024\",\"027-008-10025\",\"027-008-10026\",\"027-008-10027\",\"027-008-10028\",\"027-008-10029\",\"027-008-10031\",\"027-008-10032\",\"027-008-10033\",\"027-008-10035\",\"027-008-10036\",\"027-008-10037\",\"027-008-10038\",\"027-008-10039\",\"027-008-10040\",\"027-008-10041\",\"027-008-10042\",\"027-008-10043\",\"027-008-10044\",\"027-008-10045\",\"027-008-10046\",\"027-008-10047\",\"027-008-10048\",\"027-008-10049\",\"027-008-10050\",\"027-008-10051\",\"027-008-10055\",\"027-008-10057\",\"027-008-10059\",\"027-008-10060\",\"027-008-10061\",\"027-008-10065\",\"027-008-10067\",\"027-008-10068\",\"027-008-10069\",\"027-008-10070\",\"027-008-10071\",\"027-008-10072\",\"027-008-10073\",\"027-008-10074\",\"027-008-10075\",\"027-008-10076\",\"027-008-10077\",\"027-008-10078\",\"027-008-10079\",\"027-008-10080\",\"027-008-10081\",\"027-008-10082\",\"027-008-10083\",\"027-008-10084\",\"027-008-10085\",\"027-008-10086\",\"027-008-10087\",\"027-008-10088\",\"027-008-10089\",\"027-008-10090\",\"027-008-10091\",\"027-008-10092\",\"027-008-10093\",\"027-008-10094\",\"027-008-10095\",\"027-008-10096\",\"027-008-10097\",\"027-008-10098\",\"027-008-10100\",\"027-008-10101\",\"027-008-10102\",\"027-008-10103\",\"027-008-10104\",\"027-008-10106\",\"027-008-10107\",\"027-008-10110\",\"027-008-10111\",\"027-008-10112\",\"027-008-10113\",\"027-008-10114\",\"027-008-10115\",\"027-008-10116\"]},{\"attribute\":\"GLVAL_HS\",\"count\":1000,\"type\":\"number\",\"values\":[0,1000,1001,1001.02,1002,1003,1004,1005,1006,1007,1009,1010.5,1011,1012,1014,1015,1016,1017,1018,1019,10216,1023.7,1024,1025,1025.5,1026,1027,1028,1029,1029.5,1030,1031,1033,1034,1035,1037,1038,1039,1039.04,1039.89,1040,1041,1042,1043,1044,1044.9,1045,1046,1047,1048,1049,1050,1051,1051.5,1052,1054,1054.26,1055,1056,1057,1059,1060,1061,1062,1063,1064,1065,1067,1068,1069,1070,1070.6,1072,1073,1074,1076,1077,1078.4,1079,1080,1081,1082,1083,1084,1085,1086,1087,1088,1088.1,1089,1090,1091,1092,1094,1095,1097,1100,1101,1102,1103],\"min\":0,\"max\":21137},{\"attribute\":\"GLVAL_NR\",\"count\":1000,\"type\":\"number\",\"values\":[0,1.08,10,10.1,10.7,100,10004,1001,1002,10024,1003,1004,1005,10056,10058,1006,1007,101,1010,10112,1012,1012.1,1013,1014,1016,1016.4,1018,10180,1019,10198,102,102.96,1020,1022,1023,1024,1024.9,1025,1026,10271.3,10278.8,1028,102898,1029,103,1030,1031,10319,1032,10333,1034,1035,1036,10363,1037,1038,1039,10392,10399,104,104.5,1040,1041,10418,1042,1043,1044,1045,1046,10463,1047,1048,1049.7,10490,105,1050,1051,10518.3,1052,1053,1054,1055,10555,1056,1057,1058,1059,1060,1061,1062,1063.5,1065,10650,1066,10678,1068,1069,10690,1070,1072],\"min\":0,\"max\":253338},{\"attribute\":\"GLYEAR\",\"count\":2,\"type\":\"number\",\"values\":[0,2024],\"min\":0,\"max\":2024},{\"attribute\":\"HSDECL\",\"count\":3,\"type\":\"string\",\"values\":[\" \",\"N\",\"Y\"]},{\"attribute\":\"HSITEVAL\",\"count\":1000,\"type\":\"number\",\"values\":[0,100000,1000400,100100,100102,100200,1002400,100300,100500,1005800,100600,100700,100810,100900,101000,101050,101100,101200,101300,101400,101500,101600,101640,101700,101800,1018000,101900,1019800,10200,102000,102100,102150,1021600,102200,102300,102370,102400,102500,102550,102600,102700,1027130,102730,102800,102900,102950,10300,103000,103100,103200,103220,103300,1033300,103400,103500,103600,1036300,103700,1037400,103800,103900,103904,1039200,103989,1039900,10400,104000,104100,1041800,104200,104300,1043100,104400,104490,104500,104600,1046300,104700,104800,104900,104970,105000,105100,105150,105200,105300,105400,105426,105500,105600,105700,105730,105900,106000,106100,106200,106300,106500,1065000,106600],\"min\":0,\"max\":4678800},{\"attribute\":\"HSTED_FLV\",\"count\":1000,\"type\":\"number\",\"values\":[0,100000,100102,100200,100500,100600,100700,100900,101050,101100,101200,101400,101500,101600,101700,101800,101900,1021600,102370,102400,102500,102550,102600,102700,102800,102900,102950,103000,103100,103300,103400,103500,103700,103800,103900,103904,103989,104000,104100,104200,104300,104400,104490,104500,104600,104700,104800,104900,105000,105100,105150,105200,105400,105426,105500,105600,105700,105900,106000,106100,106200,106300,106400,106500,106700,106800,106900,107000,107060,107200,107300,107400,107600,107700,107840,107900,108000,108100,108200,108300,108400,108500,108600,108700,108800,108810,108900,109000,109100,109200,109400,109500,109700,110000,110100,110200,110300,110400,110439,110500],\"min\":0,\"max\":2113700},{\"attribute\":\"IMPRV_LV\",\"count\":1000,\"type\":\"number\",\"values\":[0,100,1000,10000,1000400,100100,100200,1002000,1002400,100250,1002700,100300,100310,100380,1003800,100400,100500,100540,1005800,100600,100700,100800,100830,100900,10100,101000,101100,1011800,101200,101300,101400,101500,1015900,101600,1016200,1016900,101700,101710,101780,101800,101900,1019500,10200,102000,102070,102100,102200,102300,102320,102400,102500,102600,102700,102800,102830,102900,10300,103000,103100,1032100,103300,103360,103400,103500,103600,103700,103770,103800,103900,1039300,1039400,1039900,10400,104000,104100,104200,1042500,104300,104360,104400,104500,104600,104610,1046300,104700,104800,1048900,104900,10500,105000,105100,105120,1051200,105200,105300,105400,1054500,105500,105600,1056800],\"min\":0,\"max\":26766600},{\"attribute\":\"INVENVAL\",\"count\":1,\"type\":\"number\",\"values\":[0],\"min\":0,\"max\":0},{\"attribute\":\"LAND_LV\",\"count\":1000,\"type\":\"number\",\"values\":[0,100,1000,100000,100100,100200,100300,100400,100500,100600,100700,100800,100900,1010,10100,101000,101100,101200,101210,101300,101400,101500,101530,101600,101610,101630,101700,101800,101900,101930,10200,102000,102100,102200,102300,102400,102490,102500,102510,102600,102700,102900,10300,103000,103100,103200,103400,103410,1034300,103500,103600,103700,103800,103900,10400,104000,104100,104200,104300,104400,104550,104600,104700,104800,104900,10500,105000,105100,105300,105400,105500,105600,105700,105760,105800,105900,10600,106100,106120,106300,106500,106800,106900,1070,10700,107000,107100,107170,107200,107300,107400,107500,107600,107700,107710,107800,108,108000,108100,108300],\"min\":0,\"max\":2703000},{\"attribute\":\"LOCAPROP\",\"count\":1000,\"type\":\"string\",\"values\":[\" \",\"(757) 633-9271\",\"0 CHESTER ROAD\",\"0 EUREKA ROAD\",\"0 FRENCH MEADOW\",\"0 LAMBERT RD\",\"1  EARLE STREET\",\"1 AUTUMN STREET\",\"1 BACON STREET\",\"1 BARRETT STREET\",\"1 BEECHWOOD LANE\",\"1 CANARY COURT\",\"1 CARDINAL DRIVE\",\"1 CENTRAL ST NO SPFD\",\"1 CHESTER ROAD\",\"1 CHURCH STREET\",\"1 CLEMENT ROAD\",\"1 COTTAGE AVENUE\",\"1 CURTIS STREET\",\"1 DEAN STREET\",\"1 EATON AVENUE\",\"1 ELLIS STREET\",\"1 GOODYEAR AVE\",\"1 HARTNESS AVENUE\",\"1 HILLTOP DRIVE\",\"1 HOOVER STREET\",\"1 JUNIPER HILL ROAD\",\"1 LARK LANE\",\"1 LELAND AVENUE\",\"1 LINCOLN STREET\",\"1 MAIN STREET\",\"1 MAPLE STREET\",\"1 MARY STREET\",\"1 MEADOW DRIVE\",\"1 MINERAL STREET\",\"1 OLNEY RD\",\"1 OVERLOOK DRIVE\",\"1 PINEWOOD AVENUE\",\"1 PLAIN HILL RD\",\"1 RANDALL STREET\",\"1 RAYMOND ROAD\",\"1 SCHOOL STREET NO SPRINGFIELD\",\"1 SLACK AVENUE\",\"1 SUNSET TERRACE\",\"1 UNION STREET\",\"1 WALL STREET\",\"1 WALNUT HILL COURT\",\"1 WHITE BIRCH DRIVE\",\"1 WHITE STREET\",\"1 WOODLAND DRIVE\",\"1-59 SUMMIT AVENUE\",\"10 AIRPORT ROAD\",\"10 BACON STREET\",\"10 BEECHWOOD LANE\",\"10 BOYNTON DRIVE\",\"10 BRIDGE STREET\",\"10 BRIERBROOK LANE\",\"10 BUENA VISTA\",\"10 CARDINAL DRIVE\",\"10 CEMETERY ROAD\",\"10 CLARK STREET\",\"10 CLINTON STREET\",\"10 CLOVER ROAD\",\"10 CURTIS STREET\",\"10 DEAN STREET\",\"10 DERBY CT\",\"10 ELM TERRACE\",\"10 FAIRBANKS ROAD\",\"10 FOSTER AVENUE\",\"10 HARLOW ROAD\",\"10 HILLSIDE ROAD\",\"10 HOOVER STREET\",\"10 HUNTER ST\",\"10 JORDAN ROAD\",\"10 LARK LANE\",\"10 LELAND AVENUE\",\"10 LEONARD AVENUE\",\"10 LINCOLN STREET\",\"10 LITCHFIELD STREET\",\"10 LOCKWOOD AVENUE\",\"10 MAJOR COURT\",\"10 MAYS ROAD\",\"10 MEADOW DRIVE\",\"10 MINERAL STREET\",\"10 OLIVE STREET\",\"10 ORCHARD LANE\",\"10 OVERLOOK DRIVE\",\"10 PARK RIDGE ROAD\",\"10 PARK STREET\",\"10 PINEWOOD AVENUE\",\"10 PLAIN HILL RD\",\"10 PRECISION DRIVE\",\"10 RANDALL STREET\",\"10 RIDGEWAY STREET\",\"10 RITA STREET\",\"10 RIVER STREET\",\"10 ROYAL STREET\",\"10 SHEEHAN AVENUE\",\"10 SLACK AVENUE\",\"10 STELLAFANE ROAD\"]},{\"attribute\":\"MAPID\",\"count\":1000,\"type\":\"string\",\"values\":[\" \",\" -\",\"01-001-0000\",\"01-001-0001\",\"01-001-0002\",\"01-001-0003\",\"01-002-0000\",\"01-004-0000\",\"01-005-0000\",\"01-005-0001\",\"01-005-0002\",\"01-007-0000\",\"01-009-0000\",\"01-010-0000\",\"01-011-0000\",\"010001-000\",\"010001-010\",\"010003-000\",\"010004-000\",\"010005-000\",\"010006-000\",\"010007-000\",\"010008-000\",\"010009-000\",\"010010-000\",\"010011-000\",\"010013-000\",\"010014-000\",\"010015-000\",\"010016-000\",\"010017-000\",\"010018-000\",\"010019-000\",\"010020-000\",\"010021-000\",\"010022-000\",\"010023-000\",\"010024-000\",\"010025-000\",\"010026-100\",\"010027-000\",\"010028-000\",\"010029-000\",\"010030-000\",\"010031-000\",\"010032-000\",\"010103\",\"010104\",\"010105\",\"010107\",\"010108\",\"010109\",\"010110\",\"010111\",\"010112\",\"010113\",\"010114\",\"010115\",\"010117\",\"010118\",\"010121\",\"010122\",\"010123\",\"02-001-0000\",\"02-002-0000\",\"02-005-0000\",\"02-006-0000\",\"02-007-0000\",\"02-010-0000\",\"02-011-0000\",\"02-012-0000\",\"02-013-0000\",\"02-014-0000\",\"02-015-0000\",\"02-016-0000\",\"02-019-0000\",\"02-020-0000\",\"02-024-0000\",\"02-026-0000\",\"02-027-0000\",\"02-028-0000\",\"02-029-0000\",\"02-030-0000\",\"02-031-0000\",\"02-032-0000\",\"02-033-0000\",\"02-034-0000\",\"02-034-0001\",\"02-035-0000\",\"02-036-0000\",\"02-038-0000\",\"02-039-0000\",\"02-040-0000\",\"02-041-0000\",\"02-042-0000\",\"02-043-0000\",\"02-043-0001\",\"02-044-0000\",\"02-045-0000\",\"02-047-0000\"]},{\"attribute\":\"MATCHSTAT\",\"count\":3,\"type\":\"string\",\"values\":[\"EXEMPT\",\"MATCH\",\"UNMATCHED\"]},{\"attribute\":\"MUNGL1PCT\",\"count\":1000,\"type\":\"number\",\"values\":[0,1.08,10,10.1,10.7,100,1000,10004,1001,1002,10024,1003,1004,1005,10056,10058,1006,1007,1009,101,1010,1011,10112,1012,1012.1,1013,1014,1015,1016,1016.4,1017,1018,10180,1019,10198,102,1020,10216,1022,1023,1024,1024.9,1025,1026,1027,10271.3,10278.8,1028,1029,103,1030,1031,1032,1033,10333,1034,1035,1036,10363,1037,1038,1039,10392,10399,104,104.5,1040,1041,10418,1042,1043,1044,1044.9,1045,1046,10463,1047,1048,1049,1049.7,10490,105,1050,1051,1052,1053,1054,1055,10555,1056,1057,1058,1059,1060,1061,1062,1063,1064,1065,10650],\"min\":0,\"max\":292697},{\"attribute\":\"NRES_FLV\",\"count\":1000,\"type\":\"number\",\"values\":[0,100,1000,10000,100000,1000300,1000400,100100,1001400,100200,1002400,100300,100400,100500,1005600,1005800,100600,100700,1010,10100,101000,1011200,101200,101210,101300,1013000,101400,101600,101640,1017500,101800,1018000,1018920,101900,1019800,10200,102000,102200,102300,102400,102490,102500,1025730,102600,1027130,102800,102900,10296,10300,103000,1030900,103100,103200,1033300,103400,103500,103600,1036300,103700,103800,103900,1039200,1039900,10400,104000,104100,1041800,104200,104300,104400,104500,104600,1046100,1046300,104700,104800,104900,1049000,104970,10500,105000,105100,105200,105300,105400,105500,105600,105700,105800,105900,106000,106100,1061600,106200,106300,106350,106500,1065000,106600,1067340],\"min\":0,\"max\":29269700},{\"attribute\":\"OBJECTID\",\"count\":1000,\"type\":\"number\",\"values\":[1,10,100,1000,10000,10001,10002,10003,10004,10005,10006,10007,10008,10009,1001,10010,10011,10012,10013,10014,10015,10016,10017,10018,10019,1002,10020,10021,10022,10023,10024,10025,10026,10027,10028,10029,1003,10030,10031,10032,10033,10034,10035,10036,10037,10038,10039,1004,10040,10041,10042,10043,10044,10045,10046,10047,10048,10049,1005,10050,10051,10052,10053,10054,10055,10056,10057,10058,10059,1006,10060,10061,10062,10063,10064,10065,10066,10067,10068,10069,1007,10070,10071,10072,10073,10074,10075,10076,10077,10078,10079,1008,10080,10081,10082,10083,10084,10085,10086,10087],\"min\":1,\"max\":11942},{\"attribute\":\"OWNER1\",\"count\":1000,\"type\":\"string\",\"values\":[\" \",\"100 RIVER STREET LLC\",\"101 MAIN STREET LLC\",\"101 MOUNTAIN VIEW AVE LLC\",\"101PONUS ROAD LLC\",\"102-104 STATE STREET LLC\",\"103 SUMMER STREET LLC\",\"104 MAIN ST LLC\",\"104 REALTY GROUP LLC\",\"105 CHESTER PROPERTY LLC\",\"105 FAIRGROUND ROAD LLC\",\"11 UPPER SNOWBRIDGE RD LLC\",\"111 TOGETHER LLC\",\"117 SOUTH MAIN STREET LLC\",\"1179 SOUTH HILL ROAD LLC\",\"12 VALLEY STREET LLC\",\"1219 OKEMO RIDGE ROAD LLC\",\"126 GROUSE LANE LLC\",\"126 PEREGRINE LLC\",\"1319 ROACH ROAD REALTY TRUST\",\"137 CHANDLER ROAD LLC\",\"138 FARRAR ROAD LLC\",\"14 PELKEY ROAD LLC\",\"145-149 WALL STREET LLC\",\"146 MAIN STREET LLC\",\"15 COMMONWEALTH LLC\",\"15-19 MAIN ST OWNERS LLC\",\"151 TOWN FARM RD LLC\",\"151 WALL LLC\",\"16 FURNACE STREET  LLC\",\"16 RIDGEWAY STREET LLC\",\"166 WOODS LLC\",\"1773 LLC C/O DIANE KNUTH\",\"178 SCOTT TERRACE LLC\",\"1850 STONEHILL FARM LLC\",\"198  DEPOT STREET RENTALS LLC\",\"199-201 UNION STREET LLC\",\"19A TRAILSIDE LLC\",\"200 CLINTON STREET OZF LLC\",\"200OKEMOACRES LLC\",\"2017 BALTER FAMILY REVOCABLE TRUST U/T/A\",\"21 ANDOVER LLC\",\"21 HIGH ST LLC\",\"211 MAIN STREET LLC\",\"215 FAMILY TRUST\",\"215 SUMMER STREET LLC\",\"215 UPPER CROSSROADS LLC\",\"22 MINERAL LLC\",\"228 PREEDOM HILL LLC\",\"2397 CONNECTICUT RIVER LLC\",\"24 FOX RUN LANE LLC\",\"240 SOAPSTONE LLC\",\"25 FAIRBANKS ROAD LLC\",\"266 MAIN STREET LLC\",\"267 UPPER CROSSROAD LLC\",\"275 HEALD ROAD LLC\",\"28 PLUMLEY LLC\",\"29 COTTAGE AVENUE LLC\",\"29 HIGH STREET LLC\",\"2JRC LLC\",\"304 PADDOCK ROAD LLC\",\"32 POND STREET LLC\",\"32 ROUTE 103 LLC\",\"32 WESTWAY WASH LLC\",\"334 EDELWEISS ROAD LLC\",\"35 CHESTER ROAD LLC\",\"35 MAPLE STREET LLC\",\"358 MAPLE RIDGE RD LLC\",\"36 PRECISION DRIVE OWNER LLC\",\"3643 VT ROUTE 103 N LLC\",\"369 RIVER STREET LLC\",\"37 MAPLE STREET LLC\",\"389 CARLEY ROAD LLC\",\"39 LACROSS ROAD REALTY TRUST\",\"395 STEVENS RD LLC\",\"4 CHESTER ROAD LLC\",\"400 EAST LAKE ROAD REALTY\",\"41 COACH ROAD LLC\",\"43 RIVER STREET LLC\",\"44 ANDOVER LLC\",\"46 PRECISION DRIVE OWNER LLC\",\"467 DEPOT STREET LLC\",\"47 DEPOT STREET LLC\",\"479 MAIN STREET LLC\",\"48 MAIN CHESTER LLC\",\"48 OVERVIEW LLC\",\"5 CENT DEPOSIT LLC\",\"511 SOUTH HILL LLC\",\"514 ELM STREET LLC\",\"527 NORTH STREET LLC\",\"53 SOAPSTONE ROAD LLC\",\"559 DAVIDSON HILL ROAD REALTY TRUST\",\"56 ANDOVER LLC\",\"57 DAYBREAK LLC.\",\"57 WALL STREET LLC\",\"5826 WALSH LLC\",\"59 WALL STREET LLC\",\"6 TITCOMB LANE LLC\",\"62 ANDOVER LLC\",\"643 BIXBY LLC\"]},{\"attribute\":\"OWNER2\",\"count\":1000,\"type\":\"string\",\"values\":[\" \",\"(TRUST)\",\"1208 SW AVENS STREET\",\"2012 REV TRUST\",\"2015 REAL ESTATE  TRUST AGREEMENT\",\"2015 REAL ESTATE TRUST  AGREEMENT\",\"2016 FAMILY TRUST\",\"2016 IRREV GRANTOR TR\",\"2022 IRREVOCABLE TRUST\",\"2023 REVOCABLE TRUST\",\"3499 TREBO RD\",\"364 SOUTH STREET REALTY TRUST\",\"45 PLEASANTVIEW LANE\",\"570 NORRIE DAVIES RD\",\"8176 HACIENDA LN\",\"A/K/A CHARLES DAVID WHALEN\",\"ABATE KIMBERLY T\",\"ABBEY SHELLEY TRUSTEE\",\"ABBOTT BARBARA\",\"ABBOTT KATHLEEN L ET-AL\",\"ABBOTT LIFE ESTATE PENNY J\",\"ABELE JULIA\",\"ABERLE RHONDA\",\"ABILD BRIAN S\",\"ABILD KARIN S\",\"ABRAHAM JULIE A\",\"ABRAMS ALISSA\",\"ACTION INC\",\"ADAMS  NISA\",\"ADAMS BONNIE J\",\"ADAMS BRADLEY S\",\"ADAMS ELLEN\",\"ADAMS JUDITH R\",\"ADAMS KIMBERLY\",\"ADAMS-CARR WENDY L\",\"ADAMSKY MARSHA\",\"ADINOLFI TRACY A\",\"ADKINS RICHARD C\",\"ADLER ANNE H\",\"AEBI REVOCABLE TRUST KAREN\",\"AEBLY-RYAN  MARY KAY\",\"AGENCY OF NAT. RESOURCES\",\"AGENCY OF NATURAL RESOURCES\",\"AGENCY OF TRANSPORTATION\",\"AHERN JANE\",\"AHN KATHLEEN  K\",\"AHN KATHLEEN K\",\"AIDA M CYPHERS LIVING TRUST\",\"AIELLO KIRSTEN A\",\"AIKEN KAITLIN J\",\"AIRO JOAN M\",\"AIROLDI ROBYN\",\"ALBEE AMBER\",\"ALBEE CHARLENE R\",\"ALBERTO OFELIA\",\"ALBIN CATHERINE C\",\"ALBRECHT JEANNIE R\",\"ALDEN JASON JON & PAULA TATIANA\",\"ALDEN MATTHEW V\",\"ALDI NINETTE G\",\"ALDRICH CYNTHIA A\",\"ALDRICH MARTY A\",\"ALDRICH NANCY\",\"ALESEVICH KRISTEN A\",\"ALEXANDER  DEAN  & LINDA\",\"ALEXANDER NICOLE\",\"ALEXANDER PAMELA J\",\"ALIX JOANNA B\",\"ALLAN ALISON\",\"ALLDREDGE CYNTHIA\",\"ALLEN ALLISON\",\"ALLEN BARBARA A\",\"ALLEN DENISE C\",\"ALLEN KATRINA M.\",\"ALLEN LISA J\",\"ALLEN MARGARET S\",\"ALLEN MARLENE\",\"ALLEN MELISSA\",\"ALLEN PAMELA M\",\"ALLEN REUBEN R\",\"ALLEN SUSAN R TRUSTEE\",\"ALLEN WILLIAM\",\"ALLER JOSEPHINE C TRUSTEE\",\"ALLISON DIANE M\",\"ALLMENDINGER LORI J\",\"ALLMENDINGER NIKKI\",\"ALLWATERS NADEGE D\",\"ALMOND DAVID C\",\"ALSAADI ABIGAIL\",\"ALSAADI ABIGAIL D\",\"ALTER LAUREN\",\"AMATO  SHAWN\",\"AMAYA COLLEEN  COLLEEN B\",\"AMBROSE PAMELA M\",\"AMERI  SHARON\",\"AMERICAN LEGION BUILDING ASSOC\",\"AMODIO BARBARA\",\"AMSDEN LIFE ESTATE PATRICIA A\",\"AMSDEN RENEE\",\"ANASTASI AMANDA\"]},{\"attribute\":\"PARCID\",\"count\":1000,\"type\":\"string\",\"values\":[\" \",\"-122144\",\"-122368\",\"-93088\",\"-99991302\",\"-99991305\",\"-99991311\",\"-99991313\",\"-99991314\",\"-99991339\",\"-99991342\",\"-99999102\",\"-99999402\",\"-99999403\",\"-99999501\",\"-99999901\",\"000100.\",\"000101.\",\"000102.\",\"000103.\",\"000105.\",\"000106.\",\"000107.\",\"000108.\",\"000109.\",\"000110.\",\"000111.\",\"000112.\",\"000113.\",\"000114.\",\"000115.\",\"000117.\",\"000118.\",\"000119.\",\"000120.\",\"000121.\",\"000124.\",\"000125.\",\"000126.\",\"000127.\",\"000128.\",\"000129.\",\"000130.\",\"000131.\",\"000133.\",\"000134.\",\"000135.\",\"000136.\",\"000137.\",\"000138.\",\"000139.\",\"000140.\",\"000141.\",\"000142.\",\"000143.\",\"000144.\",\"000145.\",\"000146.\",\"000148.\",\"000150.\",\"000151.\",\"000152.\",\"000155.\",\"000156.\",\"000157.\",\"000158.\",\"000159.\",\"000160.\",\"000163.\",\"000164.\",\"000165.\",\"000166.\",\"000167.\",\"000168.\",\"000169.\",\"000170.\",\"000171.\",\"000172.\",\"000173.\",\"000175.\",\"000176.\",\"000177.\",\"000178.\",\"000179.\",\"000180.\",\"000182.\",\"000183.\",\"000185.\",\"000187.\",\"000189.\",\"000191.\",\"000192.\",\"000194.\",\"000195.\",\"000196.\",\"000197.\",\"000198.\",\"000199.\",\"000200.\",\"000201.\"]},{\"attribute\":\"PROPTYPE\",\"count\":4,\"type\":\"string\",\"values\":[\"PARCEL\",\"ROW_RAIL\",\"ROW_ROAD\",\"WATER\"]},{\"attribute\":\"REAL_FLV\",\"count\":1000,\"type\":\"number\",\"values\":[0,100,1000,100000,1000300,1000400,100100,1001400,100200,1002400,100300,100400,100500,1005600,1005800,100600,100700,100900,1010,10100,101000,101100,1011200,101200,101210,101300,1013000,101400,101500,101600,101640,101700,1017500,101800,1018000,1018920,101900,1019800,10200,102000,1021600,102200,102300,102400,102490,102500,1025730,102600,102700,1027130,102800,102900,10300,103000,1030900,103100,103200,103300,1033300,103400,103500,103600,1036300,103700,103800,103900,1039200,1039900,10400,104000,104100,1041800,104200,104300,104400,104490,104500,104600,1046100,1046300,104700,104800,104900,1049000,104970,10500,105000,105100,105200,105300,105400,105500,105600,105700,105800,105900,106000,106100,1061600,106200],\"min\":0,\"max\":29269700},{\"attribute\":\"RESCODE\",\"count\":5,\"type\":\"string\",\"values\":[\" \",\"C\",\"NS\",\"S\",\"T\"]},{\"attribute\":\"SOURCEDATE\",\"count\":28,\"type\":\"string\",\"values\":[\"19720905\",\"19730910\",\"19741010\",\"19900921\",\"19910715\",\"19910728\",\"19910927\",\"19920416\",\"19920515\",\"19920607\",\"19920825\",\"19930904\",\"19941221\",\"19960805\",\"19961205\",\"19971103\",\"19991115\",\"20001023\",\"20020509\",\"20040325\",\"20050529\",\"20100317\",\"20110929\",\"20160211\",\"20170605\",\"2018\",\"20180412\",\"UNKNOWN\"]},{\"attribute\":\"SOURCENAME\",\"count\":29,\"type\":\"string\",\"values\":[\" \",\"2018 Tax Map Data\",\"ADDKON & ELIZABETH KENDALL BEAVER MEADOW FARM\",\"ALAN M & NORMA J KATZ\",\"BEATRICE E. KRYSTEK\",\"BERTIE OLNEY\",\"BRAHM E AND SHIRLEY MUTHER\",\"FLOIRENCE GOMEZ & LOUISE PEALE TO SEAN & ALICE PAGE, JUAN GOMEZ\",\"FLORENCE L DEAN\",\"FRANCES H. HUNTER\",\"HERBERT P. CLARK JR.\",\"HERBERT. P. CLARK JR.\",\"HOMMOND & HUNTER\",\"HUGH H. & KAREN A. HAMMOND\",\"HUGH H. HAMMOND\",\"JOHN & BEVERLY STRONG\",\"JOHN & LINDA GRAHAM\",\"JOHN AND IRENE ALLEN\",\"JOHN P & DORIS W WYATT\",\"KAREN A. HAMMOND\",\"KAREN A. HAMMOND.\",\"KAREN. A. HAMMOND\",\"KATHLEEN FARNSWORTH KRIPLIN\",\"LINDROOS DAVID W\",\"RICHARD H.CLOUD\",\"RUSSELL S. & RUBY G.\",\"UNKNOWN\",\"WALTTER S. RICH & SANDRA RICH\",\"WAYNE J & FREDA P. SELTZER\"]},{\"attribute\":\"SOURCETYPE\",\"count\":3,\"type\":\"string\",\"values\":[\"MULTIPLE\",\"SURVEY/PLAT\",\"UNKNOWN\"]},{\"attribute\":\"SPAN\",\"count\":1000,\"type\":\"string\",\"values\":[\" \",\"027-008-10002\",\"027-008-10003\",\"027-008-10004\",\"027-008-10005\",\"027-008-10006\",\"027-008-10007\",\"027-008-10008\",\"027-008-10009\",\"027-008-10010\",\"027-008-10011\",\"027-008-10012\",\"027-008-10013\",\"027-008-10014\",\"027-008-10015\",\"027-008-10016\",\"027-008-10017\",\"027-008-10018\",\"027-008-10019\",\"027-008-10021\",\"027-008-10022\",\"027-008-10023\",\"027-008-10024\",\"027-008-10025\",\"027-008-10026\",\"027-008-10027\",\"027-008-10028\",\"027-008-10029\",\"027-008-10031\",\"027-008-10032\",\"027-008-10033\",\"027-008-10035\",\"027-008-10036\",\"027-008-10037\",\"027-008-10038\",\"027-008-10039\",\"027-008-10040\",\"027-008-10041\",\"027-008-10042\",\"027-008-10043\",\"027-008-10044\",\"027-008-10045\",\"027-008-10046\",\"027-008-10047\",\"027-008-10048\",\"027-008-10049\",\"027-008-10050\",\"027-008-10051\",\"027-008-10055\",\"027-008-10057\",\"027-008-10059\",\"027-008-10060\",\"027-008-10061\",\"027-008-10065\",\"027-008-10067\",\"027-008-10068\",\"027-008-10069\",\"027-008-10070\",\"027-008-10071\",\"027-008-10072\",\"027-008-10073\",\"027-008-10074\",\"027-008-10075\",\"027-008-10076\",\"027-008-10077\",\"027-008-10078\",\"027-008-10079\",\"027-008-10080\",\"027-008-10081\",\"027-008-10082\",\"027-008-10083\",\"027-008-10084\",\"027-008-10085\",\"027-008-10086\",\"027-008-10087\",\"027-008-10088\",\"027-008-10089\",\"027-008-10090\",\"027-008-10091\",\"027-008-10092\",\"027-008-10093\",\"027-008-10094\",\"027-008-10095\",\"027-008-10096\",\"027-008-10097\",\"027-008-10098\",\"027-008-10100\",\"027-008-10101\",\"027-008-10102\",\"027-008-10103\",\"027-008-10104\",\"027-008-10106\",\"027-008-10107\",\"027-008-10110\",\"027-008-10111\",\"027-008-10112\",\"027-008-10113\",\"027-008-10114\",\"027-008-10115\",\"027-008-10116\"]},{\"attribute\":\"STATUTE\",\"count\":3,\"type\":\"string\",\"values\":[\" \",\"3832(1)\",\"3840\"]},{\"attribute\":\"STGL\",\"count\":61,\"type\":\"string\",\"values\":[\" \",\"AK\",\"AL\",\"AZ\",\"CA\",\"CO\",\"CT\",\"CT 06385\",\"CTVT\",\"DC\",\"DE\",\"DEL\",\"FL\",\"FLA\",\"GA\",\"GERMANY\",\"HI\",\"IL\",\"IN\",\"KS\",\"KY\",\"LA\",\"MA\",\"MASS\",\"MD\",\"ME\",\"MI\",\"MN\",\"MT\",\"N Y\",\"NC\",\"NE\",\"NEZ\",\"NH\",\"NJ\",\"NM\",\"NS\",\"NV\",\"NY\",\"OH\",\"ON\",\"OR\",\"OT GB\",\"PA\",\"PR\",\"QC\",\"RI\",\"SC\",\"SD\",\"TENN\",\"TN\",\"TX\",\"UT\",\"VA\",\"VERMONT\",\"VT\",\"VZ\",\"WA\",\"WI\",\"WV\",\"WY\"]},{\"attribute\":\"Shape_Area\",\"count\":1000,\"type\":\"number\",\"values\":[100.78990094364132,1000.7322596123025,1000.882950262282,1000.9122778107351,1001.3049884778426,10011.267339504282,10011.464449157786,10014.15458818305,100141.20332871996,1002.0293173166596,1002.3612636782851,10020.031729325128,1002399.1928347315,10026.95530504064,10027.4468115375,100347.4759375121,100349.21372181148,100356.23498747201,100373.94282646552,1004.5907695408898,10043.023241194689,100453.72998810136,10048.135898390998,1005.397206429265,1005.6569830415224,1005.7491087866915,1005.9191238424589,1006.2265932300908,1006.9607602064663,10067.515622029598,100689.45020066723,1007.0774366729156,1007.781220724264,1008.129541700423,1008.3657681353038,1008.4713803000792,1008.5344922824504,100802.52097390588,100802.61567462539,10081.991268918833,1009.1069265173697,1009.3060954549181,10097.957781603081,1010.144084283565,10107.462885374594,101085.68371001155,1011.684062488023,1011.923198365929,10110.333120033922,10116.494163169898,10116.510975591806,10118.391934079405,1012.1890987332926,1012.3889811675509,1012.679238442096,1012.7508346945934,1012.9049570739975,10129.764518200498,1013.023173147856,1013.6674477234898,10130.28620192976,10134.342044208399,101356.19083807513,10139.309218782657,1014.0109561699733,1014.0498108562491,1014.3638216190534,10148.443663334056,1015.08082435295,10151.132010741487,10152.58630246232,1016.6178722302736,10167.207670954827,1017.712856982137,10175.6183881488,1018.0620091372796,1018.8393882408285,101857.92896296826,101871.4522549536,1019.2578741447449,1019.4872287611446,10190.065989141922,101907.71117958422,101942.29150204183,1020.0448174342183,1020.2600623868967,1020.6373785918138,1020.6503898336541,1020.6511754949563,10202.761642269805,10208.269720978464,1021.7986127084653,102180.12153441242,102182.972683312,1022.4520016634424,1022.6568340125101,1022.6624836665343,1022.8033671706703,1022.8484025557674,10225.138670858825],\"min\":34.50047828468723,\"max\":9335584.052576313},{\"attribute\":\"Shape_Length\",\"count\":1000,\"type\":\"number\",\"values\":[100.09328388696848,100.09506471766662,100.13113583927985,100.14253371720118,100.23899330375143,100.27694624027584,100.28624408955324,100.29757042282647,100.35032216780317,100.38833658818996,100.43957696695084,100.47951401831877,100.61392880132601,100.70693026167464,100.78813274325138,100.79363016730078,100.82725867010015,100.83478517385832,100.84065670091575,100.87104383482616,100.89773756273924,100.90856820743113,100.94108082943845,1000.5803130588454,1001.2007846834847,1001.4214154960072,1001.6451582363791,1001.8240961354806,1001.8920982236999,10019.714146790522,1002.5008789929482,1002.5140587918529,1002.6036828982252,1002.6889207490368,1002.906713570765,1003.586033552682,1003.7890965518706,1003.9013557460407,10037.31418315005,1004.1192573934847,1005.5655881557103,1005.7662619917869,1005.8004989753009,1006.2794098205352,1007.2116004068433,1007.3876510217767,1008.4888517812722,1008.5844136305568,1008.9480032794236,1009.2159560750689,1009.2606607311716,1009.4039446287164,1009.6715346081845,1009.7879648918017,101.00418029124848,101.31436412891665,101.32438801410476,101.3405458401975,101.52136545586511,101.61477763040921,101.66611589614945,101.68160715779954,101.71618663866338,101.72984994882441,101.74231292732732,101.80720739639554,101.82029516457478,101.9399518405256,101.94281647391034,101.95720924892646,101.97000918793199,101.99681767952814,1010.6620788400871,1010.7094313375128,1011.8088460674862,1012.5890401788516,1012.6258913544091,1012.805115818514,1013.0414300355441,1014.0346595068435,1014.1862862297224,1014.3983821735424,1014.966265807511,1015.5930968057976,1016.4540312074125,1016.6639371597421,1016.9170501730191,10167.023349759986,1017.0340697254217,1017.1438202822039,1017.4126558087011,1017.7890700489697,1017.9104990513157,1018.9631100893699,1019.1608240795189,1019.7999131492702,102.06504341847594,102.14422475083896,102.14998815690916,102.24625846414705],\"min\":25.182130053307007,\"max\":492275.5429115426},{\"attribute\":\"TNAME\",\"count\":7,\"type\":\"string\",\"values\":[\" \",\"Baltimore\",\"Cavendish\",\"Chester\",\"Ludlow\",\"Plymouth\",\"Springfield\"]},{\"attribute\":\"TOWN\",\"count\":6,\"type\":\"string\",\"values\":[\"BALTIMORE\",\"CAVENDISH\",\"CHESTER\",\"LUDLOW\",\"PLYMOUTH\",\"SPRINGFIELD\"]},{\"attribute\":\"UVREDUC_HS\",\"count\":173,\"type\":\"number\",\"values\":[0,100600,101100,101600,101800,102200,103000,103300,103400,103900,104300,106900,107000,107600,108000,108200,109400,110100,112300,113400,115600,115800,118400,120100,120900,121600,123000,123900,124600,125100,126000,128000,128700,129800,130400,130700,130900,132100,132400,132800,133200,134100,137700,138100,138500,138800,138900,14100,147800,150800,15200,15400,15900,161000,166400,167800,168200,176100,186200,198800,212300,212700,21800,226600,257700,28200,30600,31400,326100,33000,33500,33600,34700,36100,37000,37800,38100,39100,39700,40000,40400,41000,42300,42600,42900,43500,43800,44200,44900,45000,46700,47400,47900,48000,48100,48400,49000,49500,50200,50400],\"min\":0,\"max\":326100},{\"attribute\":\"UVREDUC_NR\",\"count\":329,\"type\":\"number\",\"values\":[0,100300,100400,100900,101500,101600,102100,103000,104200,104300,104800,105100,106600,107300,107500,107700,108400,108700,109000,109300,109600,110300,110900,111500,112000,112400,113200,113800,114600,114800,115900,116000,116800,117000,118100,118600,120900,122200,122600,123500,123700,123900,124400,124800,125000,126300,126600,127200,128300,128600,128900,129400,129600,130500,131700,131800,132000,132500,132900,133200,133600,133900,135400,135800,13600,136000,136100,137300,13800,138200,138500,138600,139200,140700,141600,141700,142400,14400,144200,145400,146400,146700,147500,147800,149200,150300,150600,152200,153000,154000,155600,1563900,156800,157000,15800,158300,159000,160100,162700,163200],\"min\":0,\"max\":1563900},{\"attribute\":\"VETEXAMT\",\"count\":4,\"type\":\"number\",\"values\":[0,25800,36700,40000],\"min\":0,\"max\":40000},{\"attribute\":\"YEAR\",\"count\":3,\"type\":\"number\",\"values\":[2018,2024,2025],\"min\":2018,\"max\":2025},{\"attribute\":\"ZIPGL\",\"count\":1000,\"type\":\"string\",\"values\":[\" \",\"00646\",\"00922-1924\",\"00936\",\"00936-4249\",\"00936-4588\",\"00966\",\"01001\",\"01002\",\"01002-1522\",\"01007\",\"01007-9495\",\"01010\",\"01011\",\"01013\",\"01020\",\"01026\",\"01027\",\"01028\",\"01030\",\"01033\",\"01035\",\"01036\",\"01038\",\"01040\",\"01056\",\"01057\",\"01060\",\"01060-2192\",\"01062\",\"01069\",\"01072\",\"01073\",\"01075\",\"01077\",\"01081-9606\",\"01082\",\"01085\",\"01087\",\"01088\",\"01089\",\"01092\",\"01095\",\"01104-2928\",\"01106\",\"01106-122\",\"01106-2951\",\"01108\",\"01109\",\"01151\",\"01201\",\"01202\",\"01229\",\"01240\",\"01253\",\"01267\",\"01301\",\"01342-9738\",\"01355\",\"01431\",\"01436-1239\",\"01440\",\"01450\",\"01451\",\"01451-1351\",\"01453\",\"01460\",\"01460-4346\",\"01462-1481\",\"01464\",\"01473\",\"01473-1662\",\"01475\",\"01501\",\"01504\",\"01505\",\"01510\",\"01518\",\"01519\",\"01520\",\"01521\",\"01522\",\"01524\",\"01529\",\"01529-1504\",\"01531\",\"01532\",\"01534\",\"01541\",\"01545\",\"01545-1262\",\"01549\",\"01562\",\"01564\",\"01569\",\"01569-0109\",\"01571\",\"01581\",\"01583\",\"01583-1262\"]}]}]}}"
}
